,Q1,Q2,Q3,Q4,Q5,Q6,Q7,Q8,Q9,Q10,Q11,Q12
nte+qpf+ss,0.454,0.096,0.001,0.25,0.291,0.205,0.271,0.26,1.0,3.0,5.0,8.0
nte+qpf+ts,0.403,0.074,0.001,0.338,0.245,0.205,0.271,0.26,1.0,3.0,13.0,8.0
nte+qpt+ss,0.188,0.112,0.001,0.174,0.349,0.205,0.205,0.363,0.938,3.0,5.0,8.0
nte+qpt+ts,0.167,0.179,0.001,0.174,0.111,0.205,0.205,0.363,1.0,3.0,1.0,8.0
nte+sf+ss,0.304,0.002,0.016,0.217,0.314,0.205,0.271,0.211,1.0,3.0,13.0,8.0
nte+sf+ts,0.326,0.027,0.001,0.172,0.23,0.205,0.271,0.174,1.0,3.0,5.0,8.0
nte+st+ss,0.304,0.18,0.001,0.174,0.349,0.205,0.205,0.363,1.0,3.0,5.0,8.0
nte+st+ts,0.148,0.185,0.001,0.174,0.111,0.205,0.215,0.15,1.0,3.0,5.0,8.0
te+qpf+ss,0.357,0.003,0.001,0.377,0.16,0.205,0.271,0.213,1.0,3.0,1.0,8.0
te+qpf+ts,0.598,0.014,0.001,0.338,0.16,0.205,0.271,0.547,1.0,3.0,1.0,8.0
te+qpt+ss,0.138,0.031,0.001,0.174,0.35,0.205,0.205,0.358,1.0,3.0,1.0,8.0
te+qpt+ts,0.179,0.042,0.002,0.174,0.172,0.205,0.205,0.358,1.0,3.0,1.0,8.0
te+sf+ss,0.307,0.003,0.001,0.172,0.219,0.205,0.271,0.229,1.0,3.0,13.0,8.0
te+sf+ts,0.389,0.006,0.01,0.192,0.217,0.205,0.271,0.715,1.0,3.0,,8.0
te+st+ss,0.169,0.151,0.001,0.247,0.27,0.205,0.215,0.358,1.0,3.0,13.0,8.0
te+st+ts,0.178,0.117,0.001,0.163,0.349,0.205,0.215,0.358,1.0,3.0,13.0,8.0
