,Q1,Q2,Q3,Q4,Q5,Q6,Q7,Q8,Q9,Q10
nte+qpf+ss,0.269,0.306,0.313,0.258,0.178,0.5,1.0,0.0,16.0,8.0
nte+qpf+ts,0.285,0.297,0.303,0.362,0.176,0.6,1.0,0.3,16.0,8.0
nte+qpt+ss,0.112,0.193,0.303,0.332,0.104,0.7,1.0,0.0,4.3,8.0
nte+qpt+ts,0.097,0.233,0.302,0.202,0.104,0.9,1.0,0.0,10.0,8.0
nte+sf+ss,0.203,0.156,0.294,0.258,0.158,0.1,1.0,0.0,16.0,8.0
nte+sf+ts,0.194,0.122,0.313,0.248,0.16,0.1,1.0,0.0,16.0,8.0
nte+st+ss,0.234,0.105,0.301,0.311,0.12,0.0,1.0,0.0,16.0,
nte+st+ts,0.149,0.102,0.293,0.257,0.115,0.0,1.0,0.0,16.0,8.0
te+qpf+ss,0.278,0.297,0.319,0.258,0.189,0.6,1.0,0.2,16.0,8.0
te+qpf+ts,0.314,0.305,0.342,0.258,0.295,0.2,1.0,0.3,16.0,8.0
te+qpt+ss,0.171,0.35,0.305,0.332,0.194,0.7,1.0,0.0,16.0,8.0
te+qpt+ts,0.116,0.347,0.306,0.332,0.104,0.8,1.0,0.0,16.0,8.0
te+sf+ss,0.207,0.123,0.292,0.258,0.261,0.1,1.0,0.1,16.0,8.0
te+sf+ts,0.203,0.081,0.292,0.258,0.241,0.1,1.0,0.1,16.0,8.0
te+st+ss,0.132,0.169,0.305,0.332,0.183,0.1,1.0,0.0,16.0,
te+st+ts,0.115,0.11,0.313,0.332,0.183,0.0,1.0,0.0,16.0,
