,sentence,single_phrase,binary,date
nte+qpf+ss,0.184,0.234,1.0,
nte+qpf+ts,0.18,0.354,1.0,
nte+qpt+ss,0.273,0.254,0.817,
nte+qpt+ts,0.253,0.202,0.833,
nte+sf+ss,0.144,0.158,0.95,
nte+sf+ts,0.118,0.166,0.883,
nte+st+ss,0.146,0.185,0.8,
nte+st+ts,0.163,0.163,0.767,
te+qpf+ss,0.227,0.405,0.933,
te+qpf+ts,0.264,0.384,0.917,
te+qpt+ss,0.255,0.274,0.667,
te+qpt+ts,0.275,0.298,0.717,
te+sf+ss,0.144,0.201,0.95,
te+sf+ts,0.084,0.368,0.9,
te+st+ss,0.175,0.141,0.833,
te+st+ts,0.156,0.164,0.9,
n_questions,5.0,3.0,6.0,0.0
