,Q1,Q2,Q3,Q4,Q5,Q6,Q7,Q8,Q9,Q10,Q11,Q12,Q13
nte+qpf+ss,0.0,0.091,0.0,0.0,0.532,1.0,1.0,0.0,0.0,0.0,0.9,,
nte+qpf+ts,0.0,0.129,0.0,0.0,0.183,1.0,1.0,0.0,0.0,0.0,0.9,,
nte+qpt+ss,0.0,0.059,0.0,0.0,0.616,1.0,1.0,0.0,0.0,0.0,0.7,,
nte+qpt+ts,0.0,0.088,0.0,0.0,0.661,1.0,1.0,0.0,0.0,0.0,1.0,,
nte+sf+ss,0.0,0.097,0.0,0.0,0.521,1.0,1.0,0.0,0.0,0.0,0.6,,
nte+sf+ts,0.0,0.042,0.0,0.0,0.307,1.0,1.0,0.0,0.0,0.0,0.9,,
nte+st+ss,0.0,0.036,0.012,0.0,0.653,1.0,1.0,0.0,0.0,0.1,0.7,,
nte+st+ts,0.0,0.08,0.0,0.0,0.565,1.0,1.0,0.0,0.0,0.0,0.9,,
te+qpf+ss,0.0,0.05,0.0,0.0,0.287,1.0,1.0,0.0,0.0,0.0,0.0,,
te+qpf+ts,0.0,0.025,0.0,0.0,0.221,1.0,1.0,0.0,0.0,0.0,0.3,,
te+qpt+ss,0.0,0.057,0.0,0.0,0.633,1.0,1.0,0.0,0.0,0.0,0.8,,
te+qpt+ts,0.0,0.053,0.0,0.0,0.644,1.0,1.0,0.0,0.0,0.0,0.1,,
te+sf+ss,0.0,0.063,0.0,0.0,0.375,1.0,1.0,0.0,0.0,0.0,0.0,,
te+sf+ts,0.0,0.039,0.003,0.0,0.34,1.0,1.0,0.0,0.0,0.0,0.5,,
te+st+ss,0.0,0.044,0.0,0.0,0.628,1.0,1.0,0.0,0.0,0.0,0.5,,
te+st+ts,0.0,0.027,0.0,0.0,0.648,1.0,1.0,0.0,0.0,0.1,0.8,,
